course_id,subject,catalog_number,title,description,credits_min,credits_max,gened_attributes,career,campus,term,component,class_number,instructor_name,meeting_days,meeting_start,meeting_end,location,prereq_text,coreq_text,notes
ILS-Z410,ILS,Z410,,,,,,Undergraduate,IUB,,,,,,,,,,,
MATH-E201,MATH,E201,,,,,,Undergraduate,IUB,,,,,,,,,,,
MATH-E265,MATH,E265,,,,,,Undergraduate,IUB,,,,,,,,,,,
MATH-M211,MATH,M211,,,,,,Undergraduate,IUB,,,,,,,,,,,
CSCI-C200,CSCI,C200,,,,,,Undergraduate,IUB,,,,,,,,,,,
CSCI-C241,CSCI,C241,,,,,,Undergraduate,IUB,,,,,,,,,,,
CSCI-A310,CSCI,A310,,,,,,Undergraduate,IUB,,,,,,,,,,,
DSCI-D321,DSCI,D321,,,,,,Undergraduate,IUB,,,,,,,,,,,
DSCI-D351,DSCI,D351,,,,,,Undergraduate,IUB,,,,,,,,,,,
STAT-S350,STAT,S350,,,,,,Undergraduate,IUB,,,,,,,,,,,
STAT-S352,STAT,S352,,,,,,Undergraduate,IUB,,,,,,,,,,,
DSCI-D498,DSCI,D498,,,,,,Undergraduate,IUB,,,,,,,,,,,
DSCI-D499,DSCI,D499,,,,,,Undergraduate,IUB,,,,,,,,,,,
CSCI-Y399,CSCI,Y399,,,,,,Undergraduate,IUB,,,,,,,,,,,
BIOL-L388,BIOL,L388,,,,,,Undergraduate,IUB,,,,,,,,,,,
CSCI-B363,CSCI,B363,,,,,,Undergraduate,IUB,,,,,,,,,,,
CSCI-B490,CSCI,B490,,,,,,Undergraduate,IUB,,,,,,,,,,,
ENGR-E340,ENGR,E340,,,,,,Undergraduate,IUB,,,,,,,,,,,
ENGR-E399,ENGR,E399,,,,,,Undergraduate,IUB,,,,,,,,,,,
INFO-I407,INFO,I407,,,,,,Undergraduate,IUB,,,,,,,,,,,
STAT-S330,STAT,S330,,,,,,Undergraduate,IUB,,,,,,,,,,,
CSCI-B365,CSCI,B365,,,,,,Undergraduate,IUB,,,,,,,,,,,
ENGR-E483,ENGR,E483,,,,,,Undergraduate,IUB,,,,,,,,,,,
ENGR-E484,ENGR,E484,,,,,,Undergraduate,IUB,,,,,,,,,,,
INFO-I422,INFO,I422,,,,,,Undergraduate,IUB,,,,,,,,,,,
STAT-S470,STAT,S470,,,,,,Undergraduate,IUB,,,,,,,,,,,
INFO-I345,INFO,I345,,,,,,Undergraduate,IUB,,,,,,,,,,,
INFO-I346,INFO,I346,,,,,,Undergraduate,IUB,,,,,,,,,,,
INFO-I436,INFO,I436,,,,,,Undergraduate,IUB,,,,,,,,,,,
INFO-I437,INFO,I437,,,,,,Undergraduate,IUB,,,,,,,,,,,
INFO-I438,INFO,I438,,,,,,Undergraduate,IUB,,,,,,,,,,,
SOAD-C381,SOAD,C381,,,,,,Undergraduate,IUB,,,,,,,,,,,
CSCI-B461,CSCI,B461,,,,,,Undergraduate,IUB,,,,,,,,,,,
CSCI-C291,CSCI,C291,,,,,,Undergraduate,IUB,,,,,,,,,,,
ENGR-E111,ENGR,E111,,,,,,Undergraduate,IUB,,,,,,,,,,,
CSCI-C335,CSCI,C335,,,,,,Undergraduate,IUB,,,,,,,,,,,
ENGR-E201,ENGR,E201,,,,,,Undergraduate,IUB,,,,,,,,,,,
CSCI-P434,CSCI,P434,,,,,,Undergraduate,IUB,,,,,,,,,,,
CSCI-P465,CSCI,P465,,,,,,Undergraduate,IUB,,,,,,,,,,,
ENGR-E314,ENGR,E314,,,,,,Undergraduate,IUB,,,,,,,,,,,
ENGR-E416,ENGR,E416,,,,,,Undergraduate,IUB,,,,,,,,,,,
CSCI-B403,CSCI,B403,,,,,,Undergraduate,IUB,,,,,,,,,,,
CSCI-B405,CSCI,B405,,,,,,Undergraduate,IUB,,,,,,,,,,,
CSCI-B455,CSCI,B455,,,,,,Undergraduate,IUB,,,,,,,,,,,
CSCI-B457,CSCI,B457,,,,,,Undergraduate,IUB,,,,,,,,,,,
STAT-S420,STAT,S420,,,,,,Undergraduate,IUB,,,,,,,,,,,
STAT-S425,STAT,S425,,,,,,Undergraduate,IUB,,,,,,,,,,,
STAT-S426,STAT,S426,,,,,,Undergraduate,IUB,,,,,,,,,,,
STAT-S431,STAT,S431,,,,,,Undergraduate,IUB,,,,,,,,,,,
STAT-S440,STAT,S440,,,,,,Undergraduate,IUB,,,,,,,,,,,
STAT-S475,STAT,S475,,,,,,Undergraduate,IUB,,,,,,,,,,,
INFO-I368,INFO,I368,,,,,,Undergraduate,IUB,,,,,,,,,,,
INFO-I400,INFO,I400,,,,,,Undergraduate,IUB,,,,,,,,,,,
INFO-I421,INFO,I421,,,,,,Undergraduate,IUB,,,,,,,,,,,
INFO-I423,INFO,I423,,,,,,Undergraduate,IUB,,,,,,,,,,,
INFO-I427,INFO,I427,,,,,,Undergraduate,IUB,,,,,,,,,,,
INFO-I468,INFO,I468,,,,,,Undergraduate,IUB,,,,,,,,,,,
BUS-K353,BUS,K353,,,,,,Undergraduate,IUB,,,,,,,,,,,
ILS-Z221,ILS,Z221,,,,,,Undergraduate,IUB,,,,,,,,,,,
INFO-I369,INFO,I369,,,,,,Undergraduate,IUB,,,,,,,,,,,
INFO-I469,INFO,I469,,,,,,Undergraduate,IUB,,,,,,,,,,,
SPH-M211,SPH,M211,,,,,,Undergraduate,IUB,,,,,,,,,,,
SPH-M310,SPH,M310,,,,,,Undergraduate,IUB,,,,,,,,,,,
CSCI-B351,CSCI,B351,,,,,,Undergraduate,IUB,,,,,,,,,,,
SPH-C213,SPH,C213,,,,,,Undergraduate,IUB,,,,,,,,,,,
SPH-M418,SPH,M418,,,,,,Undergraduate,IUB,,,,,,,,,,,
SPH-M423,SPH,M423,,,,,,Undergraduate,IUB,,,,,,,,,,,
INFO-I210,INFO,I210,,,,,,Undergraduate,IUB,,,,,,,,,,,
INFO-I201,INFO,I201,,,,,,Undergraduate,IUB,,,,,,,,,,,
INFO-I101,INFO,I101,,,,,,Undergraduate,IUB,,,,,,,,,,,
INFO-I202,INFO,I202,,,,,,Undergraduate,IUB,,,,,,,,,,,
INFO-I222,INFO,I222,,,,,,Undergraduate,IUB,,,,,,,,,,,
INFO-I211,INFO,I211,,,,,,Undergraduate,IUB,,,,,,,,,,,
INFO-I300,INFO,I300,,,,,,Undergraduate,IUB,,,,,,,,,,,
INFO-I308,INFO,I308,,,,,,Undergraduate,IUB,,,,,,,,,,,
ABEH-A101,ABEH,A101,,,,,,Undergraduate,IUB,,,,,,,,,,,
INFO-I216,INFO,I216,,,,,,Undergraduate,IUB,,,,,,,,,,,
INFO-I411,INFO,I411,,,,,,Undergraduate,IUB,,,,,,,,,,,
INFO-I414,INFO,I414,,,,,,Undergraduate,IUB,,,,,,,,,,,
ABEH-A400,ABEH,A400,,,,,,Undergraduate,IUB,,,,,,,,,,,
BIOL-L453,BIOL,L453,,,,,,Undergraduate,IUB,,,,,,,,,,,
BIOL-Z460,BIOL,Z460,,,,,,Undergraduate,IUB,,,,,,,,,,,
COGS-Q345,COGS,Q345,,,,,,Undergraduate,IUB,,,,,,,,,,,
GEOG-G448,GEOG,G448,,,,,,Undergraduate,IUB,,,,,,,,,,,
INFO-I412,INFO,I412,,,,,,Undergraduate,IUB,,,,,,,,,,,
SPEA-E460,SPEA,E460,,,,,,Undergraduate,IUB,,,,,,,,,,,
COGS-Q351,COGS,Q351,,,,,,Undergraduate,IUB,,,,,,,,,,,
CSCI-B355,CSCI,B355,,,,,,Undergraduate,IUB,,,,,,,,,,,
ENGR-E434,ENGR,E434,,,,,,Undergraduate,IUB,,,,,,,,,,,
INFO-I413,INFO,I413,,,,,,Undergraduate,IUB,,,,,,,,,,,
CSCI-B453,CSCI,B453,,,,,,Undergraduate,IUB,,,,,,,,,,,
INFO-I304,INFO,I304,,,,,,Undergraduate,IUB,,,,,,,,,,,
INFO-I442,INFO,I442,,,,,,Undergraduate,IUB,,,,,,,,,,,
INFO-I443,INFO,I443,,,,,,Undergraduate,IUB,,,,,,,,,,,
INFO-I444,INFO,I444,,,,,,Undergraduate,IUB,,,,,,,,,,,
GEOG-G336,GEOG,G336,,,,,,Undergraduate,IUB,,,,,,,,,,,
GEOG-G436,GEOG,G436,,,,,,Undergraduate,IUB,,,,,,,,,,,
GEOG-G438,GEOG,G438,,,,,,Undergraduate,IUB,,,,,,,,,,,
GEOG-G439,GEOG,G439,,,,,,Undergraduate,IUB,,,,,,,,,,,
GEOG-G478,GEOG,G478,,,,,,Undergraduate,IUB,,,,,,,,,,,
GEOG-G488,GEOG,G488,,,,,,Undergraduate,IUB,,,,,,,,,,,
CSCI-P442,CSCI,P442,,,,,,Undergraduate,IUB,,,,,,,,,,,
ENGR-E327,ENGR,E327,,,,,,Undergraduate,IUB,,,,,,,,,,,
INFO-I341,INFO,I341,,,,,,Undergraduate,IUB,,,,,,,,,,,
INFO-I440,INFO,I440,,,,,,Undergraduate,IUB,,,,,,,,,,,
CSCI-C323,CSCI,C323,,,,,,Undergraduate,IUB,,,,,,,,,,,
INFO-I342,INFO,I342,,,,,,Undergraduate,IUB,,,,,,,,,,,
INFO-I370,INFO,I370,,,,,,Undergraduate,IUB,,,,,,,,,,,
INFO-I426,INFO,I426,,,,,,Undergraduate,IUB,,,,,,,,,,,
CSCI-P462,CSCI,P462,,,,,,Undergraduate,IUB,,,,,,,,,,,
INFO-I360,INFO,I360,,,,,,Undergraduate,IUB,,,,,,,,,,,
CSCI-C211,CSCI,C211,,,,,,Undergraduate,IUB,,,,,,,,,,,
CSCI-C212,CSCI,C212,,,,,,Undergraduate,IUB,,,,,,,,,,,
CSCI-C343,CSCI,C343,,,,,,Undergraduate,IUB,,,,,,,,,,,
CSCI-Y390,CSCI,Y390,,,,,,Undergraduate,IUB,,,,,,,,,,,
INFO-I123,INFO,I123,,,,,,Undergraduate,IUB,,,,,,,,,,,
COGS-Q260,COGS,Q260,,,,,,Undergraduate,IUB,,,,,,,,,,,
CSCI-A201,CSCI,A201,,,,,,Undergraduate,IUB,,,,,,,,,,,
COGS-Q320,COGS,Q320,,,,,,Undergraduate,IUB,,,,,,,,,,,
INFO-I399,INFO,I399,,,,,,Undergraduate,IUB,,,,,,,,,,,
CSCI-A216,CSCI,A216,,,,,,Undergraduate,IUB,,,,,,,,,,,
INFO-I303,INFO,I303,,,,,,Undergraduate,IUB,,,,,,,,,,,
INFO-I310,INFO,I310,,,,,,Undergraduate,IUB,,,,,,,,,,,
INFO-I330,INFO,I330,,,,,,Undergraduate,IUB,,,,,,,,,,,
INFO-I441,INFO,I441,,,,,,Undergraduate,IUB,,,,,,,,,,,
INFO-I453,INFO,I453,,,,,,Undergraduate,IUB,,,,,,,,,,,
INFO-I487,INFO,I487,,,,,,Undergraduate,IUB,,,,,,,,,,,
INFO-I488,INFO,I488,,,,,,Undergraduate,IUB,,,,,,,,,,,
CSCI-A110,CSCI,A110,,,,,,Undergraduate,IUB,,,,,,,,,,,
INFO-I245,INFO,I245,,,,,,Undergraduate,IUB,,,,,,,,,,,
INFO-I246,INFO,I246,,,,,,Undergraduate,IUB,,,,,,,,,,,
INFO-I311,INFO,I311,,,,,,Undergraduate,IUB,,,,,,,,,,,
INFO-I389,INFO,I389,,,,,,Undergraduate,IUB,,,,,,,,,,,
INFO-I390,INFO,I390,,,,,,Undergraduate,IUB,,,,,,,,,,,
INFO-I391,INFO,I391,,,,,,Undergraduate,IUB,,,,,,,,,,,
CSCI-A202,CSCI,A202,,,,,,Undergraduate,IUB,,,,,,,,,,,
CSCI-A338,CSCI,A338,,,,,,Undergraduate,IUB,,,,,,,,,,,
CSCI-A321,CSCI,A321,,,,,,Undergraduate,IUB,,,,,,,,,,,
CSCI-A348,CSCI,A348,,,,,,Undergraduate,IUB,,,,,,,,,,,
ILS-Z115,ILS,Z115,,,,,,Undergraduate,IUB,,,,,,,,,,,
CJUS-P407,CJUS,P407,,,,,,Undergraduate,IUB,,,,,,,,,,,
GEOG-G237,GEOG,G237,,,,,,Undergraduate,IUB,,,,,,,,,,,
INTL-I210,INTL,I210,,,,,,Undergraduate,IUB,,,,,,,,,,,
INTL-L250,INTL,L250,,,,,,Undergraduate,IUB,,,,,,,,,,,
MSCH-C206,MSCH,C206,,,,,,Undergraduate,IUB,,,,,,,,,,,
POLS-Y311,POLS,Y311,,,,,,Undergraduate,IUB,,,,,,,,,,,
SPEA-J202,SPEA,J202,,,,,,Undergraduate,IUB,,,,,,,,,,,
SPEA-J101,SPEA,J101,,,,,,Undergraduate,IUB,,,,,,,,,,,
ILS-Z311,ILS,Z311,,,,,,Undergraduate,IUB,,,,,,,,,,,
ILS-Z331,ILS,Z331,,,,,,Undergraduate,IUB,,,,,,,,,,,
ILS-Z351,ILS,Z351,,,,,,Undergraduate,IUB,,,,,,,,,,,
ILS-Z399,ILS,Z399,,,,,,Undergraduate,IUB,,,,,,,,,,,
INTL-I422,INTL,I422,,,,,,Undergraduate,IUB,,,,,,,,,,,
POLS-Y360,POLS,Y360,,,,,,Undergraduate,IUB,,,,,,,,,,,
POLS-Y368,POLS,Y368,,,,,,Undergraduate,IUB,,,,,,,,,,,
POLS-Y209,POLS,Y209,,,,,,Undergraduate,IUB,,,,,,,,,,,
POLS-Y239,POLS,Y239,,,,,,Undergraduate,IUB,,,,,,,,,,,
SPEA-J324,SPEA,J324,,,,,,Undergraduate,IUB,,,,,,,,,,,
SPEA-V272,SPEA,V272,,,,,,Undergraduate,IUB,,,,,,,,,,,
ENGR-E101,ENGR,E101,,,,,,Undergraduate,IUB,,,,,,,,,,,
ENGR-E110,ENGR,E110,,,,,,Undergraduate,IUB,,,,,,,,,,,
ENGR-E210,ENGR,E210,,,,,,Undergraduate,IUB,,,,,,,,,,,
ENGR-E221,ENGR,E221,,,,,,Undergraduate,IUB,,,,,,,,,,,
ENGR-E222,ENGR,E222,,,,,,Undergraduate,IUB,,,,,,,,,,,
ENGR-E225,ENGR,E225,,,,,,Undergraduate,IUB,,,,,,,,,,,
ENGR-E250,ENGR,E250,,,,,,Undergraduate,IUB,,,,,,,,,,,
INFO-I130,INFO,I130,,,,,,Undergraduate,IUB,,,,,,,,,,,
INFO-I230,INFO,I230,,,,,,Undergraduate,IUB,,,,,,,,,,,
INFO-I231,INFO,I231,,,,,,Undergraduate,IUB,,,,,,,,,,,
CSCI-C231,CSCI,C231,,,,,,Undergraduate,IUB,,,,,,,,,,,
INFO-I430,INFO,I430,,,,,,Undergraduate,IUB,,,,,,,,,,,
CSCI-B430,CSCI,B430,,,,,,Undergraduate,IUB,,,,,,,,,,,
INFO-I433,INFO,I433,,,,,,Undergraduate,IUB,,,,,,,,,,,
CSCI-B433,CSCI,B433,,,,,,Undergraduate,IUB,,,,,,,,,,,
BUS-S433,BUS,S433,,,,,,Undergraduate,IUB,,,,,,,,,,,
INFO-I424,INFO,I424,,,,,,Undergraduate,IUB,,,,,,,,,,,
INFO-I435,INFO,I435,,,,,,Undergraduate,IUB,,,,,,,,,,,
CSCI-C292,CSCI,C292,,,,,,Undergraduate,IUB,,,,,,,,,,,
MSCH-G310,MSCH,G310,,,,,,Undergraduate,IUB,,,,,,,,,,,
MSCH-G320,MSCH,G320,,,,,,Undergraduate,IUB,,,,,,,,,,,
INFO-I363,INFO,I363,,,,,,Undergraduate,IUB,,,,,,,,,,,
INFO-I365,INFO,I365,,,,,,Undergraduate,IUB,,,,,,,,,,,
BUS-W212,BUS,W212,,,,,,Undergraduate,IUB,,,,,,,,,,,
BUS-W300,BUS,W300,,,,,,Undergraduate,IUB,,,,,,,,,,,
BUS-Z302,BUS,Z302,,,,,,Undergraduate,IUB,,,,,,,,,,,
MATH-M212,MATH,M212,,,,,,Undergraduate,IUB,,,,,,,,,,,
PHYS-P221,PHYS,P221,,,,,,Undergraduate,IUB,,,,,,,,,,,
PHYS-P222,PHYS,P222,,,,,,Undergraduate,IUB,,,,,,,,,,,
MATH-M365,MATH,M365,,,,,,Undergraduate,IUB,,,,,,,,,,,
STAT-S320,STAT,S320,,,,,,Undergraduate,IUB,,,,,,,,,,,
ENGR-E299,ENGR,E299,,,,,,Undergraduate,IUB,,,,,,,,,,,
ENGR-E332,ENGR,E332,,,,,,Undergraduate,IUB,,,,,,,,,,,
ENGR-Y395,ENGR,Y395,,,,,,Undergraduate,IUB,,,,,,,,,,,
MATH-E449,MATH,E449,,,,,,Undergraduate,IUB,,,,,,,,,,,
ENGR-E490,ENGR,E490,,,,,,Undergraduate,IUB,,,,,,,,,,,
ENGR-E491,ENGR,E491,,,,,,Undergraduate,IUB,,,,,,,,,,,
CSCI-H212,CSCI,H212,,,,,,Undergraduate,IUB,,,,,,,,,,,
CSCI-Y395,CSCI,Y395,,,,,,Undergraduate,IUB,,,,,,,,,,,
CSCI-A290,CSCI,A290,,,,,,Undergraduate,IUB,,,,,,,,,,,
CSCI-Y391,CSCI,Y391,,,,,,Undergraduate,IUB,,,,,,,,,,,
CSCI-Y499,CSCI,Y499,,,,,,Undergraduate,IUB,,,,,,,,,,,
CSCI-H498,CSCI,H498,,,,,,Undergraduate,IUB,,,,,,,,,,,
ENGR-E321,ENGR,E321,,,,,,Undergraduate,IUB,,,,,,,,,,,
INFO-I494,INFO,I494,,,,,,Undergraduate,IUB,,,,,,,,,,,
INFO-I495,INFO,I495,,,,,,Undergraduate,IUB,,,,,,,,,,,
MATH-M471,MATH,M471,,,,,,Undergraduate,IUB,,,,,,,,,,,
MATH-M472,MATH,M472,,,,,,Undergraduate,IUB,,,,,,,,,,,
MATH-T336,MATH,T336,,,,,,Undergraduate,IUB,,,,,,,,,,,
MATH-T403,MATH,T403,,,,,,Undergraduate,IUB,,,,,,,,,,,
ECON-E370,ECON,E370,,,,,,Undergraduate,IUB,,,,,,,,,,,
PHIL-P251,PHIL,P251,,,,,,Undergraduate,IUB,,,,,,,,,,,
CSCI-B456,CSCI,B456,,,,,,Undergraduate,IUB,,,,,,,,,,,
CSCI-B401,CSCI,B401,,,,,,Undergraduate,IUB,,,,,,,,,,,
CSCI-P415,CSCI,P415,,,,,,Undergraduate,IUB,,,,,,,,,,,
CSCI-C311,CSCI,C311,,,,,,Undergraduate,IUB,,,,,,,,,,,
MATH-M301,MATH,M301,,,,,,Undergraduate,IUB,,,,,,,,,,,
MATH-M303,MATH,M303,,,,,,Undergraduate,IUB,,,,,,,,,,,
CSCI-B504,CSCI,B504,,,,,,Undergraduate,IUB,,,,,,,,,,,
MATH-M453,MATH,M453,,,,,,Undergraduate,IUB,,,,,,,,,,,
MSCH-C210,MSCH,C210,,,,,,Undergraduate,IUB,,,,,,,,,,,
MSCH-G300,MSCH,G300,,,,,,Undergraduate,IUB,,,,,,,,,,,
CSCI-C460,CSCI,C460,,,,,,Undergraduate,IUB,,,,,,,,,,,
CSCI-C470,CSCI,C470,,,,,,Undergraduate,IUB,,,,,,,,,,,
CSCI-C290,CSCI,C290,,,,,,Undergraduate,IUB,,,,,,,,,,,
CSCI-B481,CSCI,B481,,,,,,Undergraduate,IUB,,,,,,,,,,,
CSCI-P438,CSCI,P438,,,,,,Undergraduate,IUB,,,,,,,,,,,
CSCI-P423,CSCI,P423,,,,,,Undergraduate,IUB,,,,,,,,,,,
CSCI-B441,CSCI,B441,,,,,,Undergraduate,IUB,,,,,,,,,,,
CSCI-P424,CSCI,P424,,,,,,Undergraduate,IUB,,,,,,,,,,,
CSCI-P436,CSCI,P436,,,,,,Undergraduate,IUB,,,,,,,,,,,
MATH-M213,MATH,M213,,,,,,Undergraduate,IUB,,,,,,,,,,,
CSCI-C322,CSCI,C322,,,,,,Undergraduate,IUB,,,,,,,,,,,
CSCI-P466,CSCI,P466,,,,,,Undergraduate,IUB,,,,,,,,,,,
CSCI-P400,CSCI,P400,,,,,,Undergraduate,IUB,,,,,,,,,,,
CSCI-P545,CSCI,P545,,,,,,Undergraduate,IUB,,,,,,,,,,,
CSCI-B443,CSCI,B443,,,,,,Undergraduate,IUB,,,,,,,,,,,
ANTH-A306,ANTH,A306,,,,,,Undergraduate,IUB,,,,,,,,,,,
CJUS-K300,CJUS,K300,,,,,,Undergraduate,IUB,,,,,,,,,,,
POLS-Y395,POLS,Y395,,,,,,Undergraduate,IUB,,,,,,,,,,,
PSY-K300,PSY,K300,,,,,,Undergraduate,IUB,,,,,,,,,,,
PSY-K310,PSY,K310,,,,,,Undergraduate,IUB,,,,,,,,,,,
SOC-S371,SOC,S371,,,,,,Undergraduate,IUB,,,,,,,,,,,
SPEA-K300,SPEA,K300,,,,,,Undergraduate,IUB,,,,,,,,,,,
SPH-Q381,SPH,Q381,,,,,,Undergraduate,IUB,,,,,,,,,,,
STAT-K310,STAT,K310,,,,,,Undergraduate,IUB,,,,,,,,,,,
STAT-S300,STAT,S300,,,,,,Undergraduate,IUB,,,,,,,,,,,
STAT-S301,STAT,S301,,,,,,Undergraduate,IUB,,,,,,,,,,,
STAT-S303,STAT,S303,,,,,,Undergraduate,IUB,,,,,,,,,,,
INFO-I454,INFO,I454,,,,,,Undergraduate,IUB,,,,,,,,,,,
PHIL-P141,PHIL,P141,,,,,,Undergraduate,IUB,,,,,,,,,,,
PHIL-P242,PHIL,P242,,,,,,Undergraduate,IUB,,,,,,,,,,,
PHIL-P340,PHIL,P340,,,,,,Undergraduate,IUB,,,,,,,,,,,
PHIL-P342,PHIL,P342,,,,,,Undergraduate,IUB,,,,,,,,,,,
REL-R170,REL,R170,,,,,,Undergraduate,IUB,,,,,,,,,,,
INFO-Y395,INFO,Y395,,,,,,Undergraduate,IUB,,,,,,,,,,,
INFO-I301,INFO,I301,,,,,,Undergraduate,IUB,,,,,,,,,,,
INFO-I320,INFO,I320,,,,,,Undergraduate,IUB,,,,,,,,,,,
INFO-I356,INFO,I356,,,,,,Undergraduate,IUB,,,,,,,,,,,
INFO-I403,INFO,I403,,,,,,Undergraduate,IUB,,,,,,,,,,,
INFO-I457,INFO,I457,,,,,,Undergraduate,IUB,,,,,,,,,,,
INFO-I485,INFO,I485,,,,,,Undergraduate,IUB,,,,,,,,,,,
INFO-I486,INFO,I486,,,,,,Undergraduate,IUB,,,,,,,,,,,
INFO-I499,INFO,I499,,,,,,Undergraduate,IUB,,,,,,,,,,,
INFO-I491,INFO,I491,,,,,,Undergraduate,IUB,,,,,,,,,,,
INFO-I489,INFO,I489,,,,,,Undergraduate,IUB,,,,,,,,,,,
INFO-I493,INFO,I493,,,,,,Undergraduate,IUB,,,,,,,,,,,
BUS-K303,BUS,K303,,,,,,Undergraduate,IUB,,,,,,,,,,,
BUS-K327,BUS,K327,,,,,,Undergraduate,IUB,,,,,,,,,,,
BUS-S302,BUS,S302,,,,,,Undergraduate,IUB,,,,,,,,,,,
BUS-S307,BUS,S307,,,,,,Undergraduate,IUB,,,,,,,,,,,
BUS-S308,BUS,S308,,,,,,Undergraduate,IUB,,,,,,,,,,,
BUS-S310,BUS,S310,,,,,,Undergraduate,IUB,,,,,,,,,,,
CJUS-P300,CJUS,P300,,,,,,Undergraduate,IUB,,,,,,,,,,,
MSCH-G400,MSCH,G400,,,,,,Undergraduate,IUB,,,,,,,,,,,
MSCH-G410,MSCH,G410,,,,,,Undergraduate,IUB,,,,,,,,,,,
MSCH-G420,MSCH,G420,,,,,,Undergraduate,IUB,,,,,,,,,,,
MSCH-G430,MSCH,G430,,,,,,Undergraduate,IUB,,,,,,,,,,,
MSCH-G450,MSCH,G450,,,,,,Undergraduate,IUB,,,,,,,,,,,
MSCH-H300,MSCH,H300,,,,,,Undergraduate,IUB,,,,,,,,,,,
MSCH-J300,MSCH,J300,,,,,,Undergraduate,IUB,,,,,,,,,,,
MSCH-J360,MSCH,J360,,,,,,Undergraduate,IUB,,,,,,,,,,,
MSCH-J448,MSCH,J448,,,,,,Undergraduate,IUB,,,,,,,,,,,
MSCH-L322,MSCH,L322,,,,,,Undergraduate,IUB,,,,,,,,,,,
MSCH-L425,MSCH,L425,,,,,,Undergraduate,IUB,,,,,,,,,,,
MSCH-M421,MSCH,M421,,,,,,Undergraduate,IUB,,,,,,,,,,,
MSCH-P351,MSCH,P351,,,,,,Undergraduate,IUB,,,,,,,,,,,
MSCH-P353,MSCH,P353,,,,,,Undergraduate,IUB,,,,,,,,,,,
MSCH-P354,MSCH,P354,,,,,,Undergraduate,IUB,,,,,,,,,,,
MSCH-P356,MSCH,P356,,,,,,Undergraduate,IUB,,,,,,,,,,,
MSCH-P369,MSCH,P369,,,,,,Undergraduate,IUB,,,,,,,,,,,
MSCH-P433,MSCH,P433,,,,,,Undergraduate,IUB,,,,,,,,,,,
MSCH-P434,MSCH,P434,,,,,,Undergraduate,IUB,,,,,,,,,,,
MSCH-P452,MSCH,P452,,,,,,Undergraduate,IUB,,,,,,,,,,,
MSCH-P454,MSCH,P454,,,,,,Undergraduate,IUB,,,,,,,,,,,
MSCH-T427,MSCH,T427,,,,,,Undergraduate,IUB,,,,,,,,,,,
SOAD-S310,SOAD,S310,,,,,,Undergraduate,IUB,,,,,,,,,,,
SOC-S339,SOC,S339,,,,,,Undergraduate,IUB,,,,,,,,,,,
SOC-S377,SOC,S377,,,,,,Undergraduate,IUB,,,,,,,,,,,
SPEA-V369,SPEA,V369,,,,,,Undergraduate,IUB,,,,,,,,,,,
US-S305,US,S305,,,,,,Undergraduate,IUB,,,,,,,,,,,
INFO-I492,INFO,I492,,,,,,Undergraduate,IUB,,,,,,,,,,,
INFO-I498,INFO,I498,,,,,,Undergraduate,IUB,,,,,,,,,,,
